{"CrystalProps":{"crystal2d":[8.512,8.512,8.512,8.512,8.512,8.512,8.512,8.512,8.512,8.512],"DistrFileName":["C:\\Users\\cheshire\\Desktop\\GIT\\XRay-tracing\\Interface\\Interface\\Input\\quartz100.curve","C:\\Users\\cheshire\\Desktop\\GIT\\XRay-tracing\\Interface\\Interface\\Input\\quartz100.curve","C:\\Users\\cheshire\\Desktop\\GIT\\XRay-tracing\\Interface\\Interface\\Input\\quartz100.curve","C:\\Users\\cheshire\\Desktop\\GIT\\XRay-tracing\\Interface\\Interface\\Input\\quartz100.curve","C:\\Users\\cheshire\\Desktop\\GIT\\XRay-tracing\\Interface\\Interface\\Input\\quartz100.curve","C:\\Users\\cheshire\\Desktop\\GIT\\XRay-tracing\\Interface\\Interface\\Input\\quartz100.curve","C:\\Users\\cheshire\\Desktop\\GIT\\XRay-tracing\\Interface\\Interface\\Input\\quartz100.curve","C:\\Users\\cheshire\\Desktop\\GIT\\XRay-tracing\\Interface\\Interface\\Input\\quartz100.curve","C:\\Users\\cheshire\\Desktop\\GIT\\XRay-tracing\\Interface\\Interface\\Input\\quartz100.curve","C:\\Users\\cheshire\\Desktop\\GIT\\XRay-tracing\\Interface\\Interface\\Input\\quartz100.curve"],"DistrHW":[0.22,0.22,0.22,0.22,0.22,0.22,0.22,0.22,0.22,0.22],"DistrStep":[0.0010000000000000009,0.0010000000000000009,0.0010000000000000009,0.0010000000000000009,0.0010000000000000009,0.0010000000000000009,0.0010000000000000009,0.0010000000000000009,0.0010000000000000009,0.0010000000000000009],"DistrSize":[441.0,441.0,441.0,441.0,441.0,441.0,441.0,441.0,441.0,441.0],"Orders":[1,2,3,4,5,6,7,8,9,10]},"Crystal2d":"8.512 8.512 8.512 8.512 8.512 8.512 8.512 8.512 8.512 8.512 ","crystalR":150.0,"centralWave":6.0598,"BraggA":45.390743059971861,"SrcDist":7829.4772088889176,"DstDist":106.78688909774435,"CrystType":"Sphere","crystalW":46.0,"crystalH":12.0,"SrcSizeW":0.1,"SrcSizeH":0.1,"SrcCone":0.35345326839028179,"SolidCone":0.00010843981410126447,"RayCount":1000000.0,"RayByIter":100000.0,"FilmDistFromCenter":74.999999999999972,"ToFilmDirection":90.781486119943082,"FilmAngle":45.390743059971832,"FilmRotationAngle":44.609256940028153,"FilmSizeW":1500.0,"FilmSizeH":1500.0,"mainOrder":1,"SlitPos":0.0,"SlitW":0.0,"SlitH":0.0,"waveLimits":{"min":{"lambda":5.08479,"position":-20.8132},"max":{"lambda":6.89352,"position":13.07046}},"MinWavePosStr":"Position 位 = -20.8132","MaxWavePosStr":"Position 位 = 13.07046","MinWaveStr":"Min 位 = 5.08479","MaxWaveStr":"Max 位 = 6.89352","zeroWave":6.0598,"ZeroWaveStr":"Al He He7 6.0598"}
{}
{"Wave":[{"isZeroWave":false,"Order":1,"Emited":500000.0,"Reflected":304.0,"Efficiency":5.178240594725065E-08,"XCoord":"NaN","Magnification":"NaN","FWHM":"NaN","name":"Al He He9","lambda":6.0134,"dlambda":0.3,"intensity":0.5},{"isZeroWave":true,"Order":1,"Emited":500000.0,"Reflected":311.0,"Efficiency":5.2974763978930764E-08,"XCoord":"NaN","Magnification":"NaN","FWHM":"NaN","name":"Al He He7","lambda":6.0598,"dlambda":0.5,"intensity":0.5}]}
